studentID,firstName,lastName,email,section
22-00250,Daniel John,Baynosa,danieljohnbyns@gmail.com,2e
70-50102,Armando,Lowe,armando.lowe@example.com,1a
05-34854,April,Peterson,april.peterson@example.com,1a
57-00428,Mia,Allen,mia.allen@example.com,1a
65-03050,Judy,Little,judy.little@example.com,1a
57-62342,Bonnie,Fletcher,bonnie.fletcher@example.com,1a
85-80530,Arron,Reid,arron.reid@example.com,1a
62-07832,Yvonne,Jordan,yvonne.jordan@example.com,1a
60-31520,Ricardo,Kuhn,ricardo.kuhn@example.com,1a
82-60558,Jim,Rhodes,jim.rhodes@example.com,1a
36-56248,Ralph,Black,ralph.black@example.com,1a
02-85127,Gail,Steeves ,gail.steeves@example.com,1a
78-58824,Patsy,Wagner,patsy.wagner@example.com,1a
15-60258,Irma,Rice,irma.rice@example.com,1a
54-12886,Rick,Price,rick.price@example.com,1a
36-02576,Chloe,Baker,chloe.baker@example.com,1a
56-76276,Sue,Reed,sue.reed@example.com,1a
24-40637,Dave,Barrett,dave.barrett@example.com,1a
52-26607,Rita,Williamson,rita.williamson@example.com,1a
70-73157,Arnold,Wade,arnold.wade@example.com,1a
37-33231,Serenity,Rivera,serenity.rivera@example.com,1a
63-05456,Jeremy,Russell,jeremy.russell@example.com,1a
35-77145,Camila,Kim,camila.kim@example.com,1a
31-73055,Henry,Rhodes,henry.rhodes@example.com,1a
08-17465,Dean,Weaver,dean.weaver@example.com,1a
44-26256,Hugh,Peters,hugh.peters@example.com,1a
45-75824,Kelly,Jackson,kelly.jackson@example.com,1a
63-05516,Dylan,Rice,dylan.rice@example.com,1a
54-12280,Marion,Williamson,marion.williamson@example.com,1a
02-06572,Dennis,Hoffman,dennis.hoffman@example.com,1a
17-34847,Julian,Davidson,julian.davidson@example.com,1a
72-74438,Joshua,Fowler,joshua.fowler@example.com,1a
61-80572,Roberta,Gilbert,roberta.gilbert@example.com,1a
06-37516,Daryl,Shelton,daryl.shelton@example.com,1a
75-58737,Stella,Schmidt,stella.schmidt@example.com,1a
57-54662,Myrtle,Lopez,myrtle.lopez@example.com,1a
83-15385,Brian,Romero,brian.romero@example.com,1a
35-12154,Brent,Walters,brent.walters@example.com,1a
52-38144,Kitty,Reid,kitty.reid@example.com,1a
38-27713,Manuel,Neal,manuel.neal@example.com,1a
08-85404,Layla,Carlson,layla.carlson@example.com,1a
74-04081,Kenzi,Henry,kenzi.henry@example.com,1a
00-62532,Ronnie,Elliott,ronnie.elliott@example.com,1a
83-44163,Layla,Baker,layla.baker@example.com,1a
15-20474,Irma,Mendoza,irma.mendoza@example.com,1a
64-60726,Suzanne,Reid,suzanne.reid@example.com,1a
06-33418,Hilda,Riley,hilda.riley@example.com,1a
57-32253,Lillian,Martinez,lillian.martinez@example.com,1a
42-83210,Liam,Wagner,liam.wagner@example.com,1a
55-47014,Debra,Brooks,debra.brooks@example.com,1a
10-55487,Sergio,Murphy,sergio.murphy@example.com,1b
33-54232,Steve,Stanley,steve.stanley@example.com,1b
81-74255,Hailey,Miles,hailey.miles@example.com,1b
61-78848,Stella,Rodriguez,stella.rodriguez@example.com,1b
23-10605,Veronica,Harper,veronica.harper@example.com,1b
13-14787,Rosemary,Nelson,rosemary.nelson@example.com,1b
68-86333,Adam,Spencer,adam.spencer@example.com,1b
83-50533,Oscar,Garza,oscar.garza@example.com,1b
05-08633,Glenda,Marshall,glenda.marshall@example.com,1b
16-24086,Carolyn,Roberts,carolyn.roberts@example.com,1b
11-64124,Cassandra,Hunt,cassandra.hunt@example.com,1b
14-87372,Adam,Holt,adam.holt@example.com,1b
24-58458,Jon,Cox,jon.cox@example.com,1b
81-28654,Erica,Marshall,erica.marshall@example.com,1b
10-68367,Roberta,Moreno,roberta.moreno@example.com,1b
48-27033,Austin,Gilbert,austin.gilbert@example.com,1b
37-77241,Clifton,Davidson,clifton.davidson@example.com,1b
61-13378,Todd,Pierce,todd.pierce@example.com,1b
84-80837,Jennifer,Adams,jennifer.adams@example.com,1b
33-44587,Carlos,Graves,carlos.graves@example.com,1b
43-82850,Jeanne,Perkins,jeanne.perkins@example.com,1b
61-14102,Miriam,Douglas,miriam.douglas@example.com,1b
07-71140,Lois,Holland,lois.holland@example.com,1b
21-66261,Scott,Weaver,scott.weaver@example.com,1b
07-81630,Sheila,Sutton,sheila.sutton@example.com,1b
74-33447,Marian,Sanchez,marian.sanchez@example.com,1b
22-61054,Clifford,Hoffman,clifford.hoffman@example.com,1b
34-88276,Miguel,Jennings,miguel.jennings@example.com,1b
31-81553,Isobel,Kennedy,isobel.kennedy@example.com,1b
63-24828,Dawn,Stone,dawn.stone@example.com,1b
48-86301,Priscilla,Hanson,priscilla.hanson@example.com,1b
24-25508,Terry,Brooks,terry.brooks@example.com,1b
54-77887,Ashley,Carter,ashley.carter@example.com,1b
57-14208,Nora,Hunt,nora.hunt@example.com,1b
80-36177,Calvin,Mckinney,calvin.mckinney@example.com,1b
15-27042,Carmen,Simmons,carmen.simmons@example.com,1b
43-78510,Franklin,Brown,franklin.brown@example.com,1b
11-06154,Roland,Patterson,roland.patterson@example.com,1b
65-87565,Sean,Barrett,sean.barrett@example.com,1b
48-83485,Kylie,Terry,kylie.terry@example.com,1b
81-11865,Tracy,Castro,tracy.castro@example.com,1b
61-45422,Erika,Fox,erika.fox@example.com,1b
80-84064,Norma,Shelton,norma.shelton@example.com,1b
62-76175,Melissa,Ryan,melissa.ryan@example.com,1b
68-51801,Scarlett,Marshall,scarlett.marshall@example.com,1b
44-46017,Francis,Gray,francis.gray@example.com,1b
38-34561,Marilyn,Gordon,marilyn.gordon@example.com,1b
03-16300,Dora,Patterson,dora.patterson@example.com,1b
03-45841,Marsha,Herrera,marsha.herrera@example.com,1b
88-76544,Rebecca,Kim,rebecca.kim@example.com,1b
22-67366,Gabriel,Stanley,gabriel.stanley@example.com,1c
64-34471,Judy,Gregory,judy.gregory@example.com,1c
53-07480,Pauline,Carroll,pauline.carroll@example.com,1c
20-55820,Melvin,Patterson,melvin.patterson@example.com,1c
38-38156,Taylor,Rose,taylor.rose@example.com,1c
24-58077,Alexis,White,alexis.white@example.com,1c
65-88534,Peyton,Fox,peyton.fox@example.com,1c
66-56677,Myrtle,Gilbert,myrtle.gilbert@example.com,1c
16-51131,Jack,Mckinney,jack.mckinney@example.com,1c
36-73700,Mary,Robertson,mary.robertson@example.com,1c
14-44412,Miriam,Washington,miriam.washington@example.com,1c
47-63105,Rhonda,Johnston,rhonda.johnston@example.com,1c
32-12337,Camila,Wright,camila.wright@example.com,1c
56-15408,Micheal,Garcia,micheal.garcia@example.com,1c
13-41484,Jerome,Willis,jerome.willis@example.com,1c
58-34131,Addison,Bennett,addison.bennett@example.com,1c
88-45016,Clinton,Fowler,clinton.fowler@example.com,1c
44-48028,Veronica,Medina,veronica.medina@example.com,1c
54-87651,Vicki,Jackson,vicki.jackson@example.com,1c
00-82188,Neil,Elliott,neil.elliott@example.com,1c
46-78105,Lori,Bell,lori.bell@example.com,1c
33-31518,Ross,Harvey,ross.harvey@example.com,1c
37-55335,Caroline,Willis,caroline.willis@example.com,1c
51-88868,Eugene,Stewart,eugene.stewart@example.com,1c
18-21102,Steven,Sanchez,steven.sanchez@example.com,1c
37-02512,Derrick,Moore,derrick.moore@example.com,1c
37-86522,Samuel,Kennedy,samuel.kennedy@example.com,1c
34-60051,Darlene,Castro,darlene.castro@example.com,1c
34-67025,Christine,Fernandez,christine.fernandez@example.com,1c
88-53584,Charlotte,White,charlotte.white@example.com,1c
18-32426,Marion,George,marion.george@example.com,1c
21-71810,Leo,Burns,leo.burns@example.com,1c
10-17640,Tamara,Franklin,tamara.franklin@example.com,1c
47-53670,Candice,Allen,candice.allen@example.com,1c
22-84672,Darrell,Castro,darrell.castro@example.com,1c
16-71456,Veronica,Evans,veronica.evans@example.com,1c
81-70464,Martin,Allen,martin.allen@example.com,1c
82-36885,Nathan,Silva,nathan.silva@example.com,1c
27-53701,Hector,Richardson,hector.richardson@example.com,1c
15-70101,Kaylee,Dunn,kaylee.dunn@example.com,1c
38-67844,Armando,Garrett,armando.garrett@example.com,1c
88-12033,Frank,Holt,frank.holt@example.com,1c
11-57060,Isobel,Howell,isobel.howell@example.com,1c
30-45887,Eric,Pena,eric.pena@example.com,1c
36-02283,Antonio,Peck,antonio.peck@example.com,1c
77-51737,Martin,Fuller,martin.fuller@example.com,1c
20-07483,Isobel,Gilbert,isobel.gilbert@example.com,1c
56-48510,Kenzi,Shaw,kenzi.shaw@example.com,1c
88-61143,Diana,Green,diana.green@example.com,1c
83-30164,Alfredo,Richards,alfredo.richards@example.com,1c
23-11022,Gabriel,Robinson,gabriel.robinson@example.com,1d
82-47662,Riley,Wood,riley.wood@example.com,1d
56-70167,Eva,Cox,eva.cox@example.com,1d
84-38574,Miriam,Mckinney,miriam.mckinney@example.com,1d
27-81254,Martha,Elliott,martha.elliott@example.com,1d
00-23886,Gregory,Weaver,gregory.weaver@example.com,1d
37-05585,Cecil,Cole,cecil.cole@example.com,1d
86-82322,Stella,Rice,stella.rice@example.com,1d
08-46802,Chester,Allen,chester.allen@example.com,1d
64-74556,Oscar,Robinson,oscar.robinson@example.com,1d
60-03284,Darrell,Lambert,darrell.lambert@example.com,1d
66-88008,Carla,Pearson,carla.pearson@example.com,1d
40-64276,Denise,Brewer,denise.brewer@example.com,1d
26-74662,Noah,Gardner,noah.gardner@example.com,1d
18-77333,Lauren,Obrien,lauren.obrien@example.com,1d
58-17570,Holly,Cooper,holly.cooper@example.com,1d
45-76020,Seth,Hoffman,seth.hoffman@example.com,1d
14-76682,Sharlene,Chapman,sharlene.chapman@example.com,1d
65-44208,Luke,Castillo,luke.castillo@example.com,1d
33-28762,Bernice,Foster,bernice.foster@example.com,1d
70-11658,Terrance,Perkins,terrance.perkins@example.com,1d
31-68475,Chad,Wagner,chad.wagner@example.com,1d
23-52043,Lawrence,Medina,lawrence.medina@example.com,1d
43-63743,Arron,Bryant,arron.bryant@example.com,1d
50-50773,Stacey,Brewer,stacey.brewer@example.com,1d
05-60427,Marion,Foster,marion.foster@example.com,1d
40-60026,Nelson,Dean,nelson.dean@example.com,1d
41-33654,Gilbert,Kuhn,gilbert.kuhn@example.com,1d
50-25823,Albert,Barnes,albert.barnes@example.com,1d
30-46204,Rita,Perry,rita.perry@example.com,1d
16-60742,Jamie,Clark,jamie.clark@example.com,1d
04-65331,Kristin,Burns,kristin.burns@example.com,1d
87-34372,Mia,Jackson,mia.jackson@example.com,1d
30-07731,Sally,Hudson,sally.hudson@example.com,1d
27-42343,Tanya,Nelson,tanya.nelson@example.com,1d
78-11065,Letitia,Coleman,letitia.coleman@example.com,1d
21-65514,Billy,Sutton,billy.sutton@example.com,1d
50-82643,Lisa,Rivera,lisa.rivera@example.com,1d
36-60705,Melinda,Montgomery,melinda.montgomery@example.com,1d
42-46253,Sarah,Gibson,sarah.gibson@example.com,1d
78-13254,Barry,Miles,barry.miles@example.com,1d
27-50524,Lauren,Elliott,lauren.elliott@example.com,1d
52-70467,Tanya,Payne,tanya.payne@example.com,1d
47-42660,Terry,Pierce,terry.pierce@example.com,1d
67-02747,Alicia,Owens,alicia.owens@example.com,1d
40-72168,Alyssa,Schmidt,alyssa.schmidt@example.com,1d
75-33724,Jacqueline,Cruz,jacqueline.cruz@example.com,1d
18-56235,Jamie,Welch,jamie.welch@example.com,1d
47-47327,Ethan,Gardner,ethan.gardner@example.com,1d
38-77636,Jackie,Griffin,jackie.griffin@example.com,1d
37-07245,Jon,Richardson,jon.richardson@example.com,1e
26-26750,Joe,Sims,joe.sims@example.com,1e
45-45766,Annette,Duncan,annette.duncan@example.com,1e
10-55372,Liam,Fisher,liam.fisher@example.com,1e
68-28038,Lucas,Perez,lucas.perez@example.com,1e
26-25261,Laurie,Hunter,laurie.hunter@example.com,1e
26-74162,Joan,Moore,joan.moore@example.com,1e
03-33255,Ruben,Dean,ruben.dean@example.com,1e
50-15405,Mae,Tucker,mae.tucker@example.com,1e
31-47368,Edwin,Hughes,edwin.hughes@example.com,1e
21-00538,Philip,Matthews,philip.matthews@example.com,1e
15-23107,Derek,Carlson,derek.carlson@example.com,1e
67-51427,Billy,Reid,billy.reid@example.com,1e
10-73425,Todd,Lowe,todd.lowe@example.com,1e
11-84533,Rene,Franklin,rene.franklin@example.com,1e
06-03001,Lillie,Bates,lillie.bates@example.com,1e
54-05581,Penny,Vasquez,penny.vasquez@example.com,1e
18-38587,Walter,Holt,walter.holt@example.com,1e
62-88181,Joan,Hart,joan.hart@example.com,1e
63-52887,Felix,Rodriguez,felix.rodriguez@example.com,1e
22-82131,Bryan,Smith,bryan.smith@example.com,1e
78-21156,Sergio,Lewis,sergio.lewis@example.com,1e
40-43224,Dianne,Romero,dianne.romero@example.com,1e
77-66856,Christopher,Nguyen,christopher.nguyen@example.com,1e
05-83753,Jared,Owens,jared.owens@example.com,1e
21-54223,Ana,Austin,ana.austin@example.com,1e
78-50480,Vernon,Brooks,vernon.brooks@example.com,1e
74-18717,Melvin,Russell,melvin.russell@example.com,1e
67-26362,Irma,Schmidt,irma.schmidt@example.com,1e
83-07770,Ruby,Hunt,ruby.hunt@example.com,1e
10-71210,Hugh,Chavez,hugh.chavez@example.com,1e
50-78877,Sarah,Bradley,sarah.bradley@example.com,1e
36-68085,Jennie,Hunter,jennie.hunter@example.com,1e
27-64867,Adrian,West,adrian.west@example.com,1e
25-58302,Andy,Carroll,andy.carroll@example.com,1e
83-25760,Leonard,Grant,leonard.grant@example.com,1e
15-54750,Olivia,Brown,olivia.brown@example.com,1e
22-87744,Miguel,Flores,miguel.flores@example.com,1e
65-73183,Diana,Rice,diana.rice@example.com,1e
66-56584,Carlos,Myers,carlos.myers@example.com,1e
80-63123,Ted,Hopkins,ted.hopkins@example.com,1e
14-02245,Joanne,Banks,joanne.banks@example.com,1e
66-41082,Mia,Fox,mia.fox@example.com,1e
53-44647,Timmothy,Mills,timmothy.mills@example.com,1e
35-24563,Lee,Gregory,lee.gregory@example.com,1e
68-56823,Joy,Kelley,joy.kelley@example.com,1e
77-32103,Edith,Carroll,edith.carroll@example.com,1e
86-71851,Joan,Wright,joan.wright@example.com,1e
03-82806,Zoey,Lucas,zoey.lucas@example.com,1e
31-13267,Cassandra,Taylor,cassandra.taylor@example.com,1e
22-21028,Rosa,Oliver,rosa.oliver@example.com,1f
20-83553,Cory,Harrison,cory.harrison@example.com,1f
67-02025,Felix,Moreno,felix.moreno@example.com,1f
57-01355,Cathy,Gomez,cathy.gomez@example.com,1f
66-26662,Louis,Knight,louis.knight@example.com,1f
65-33572,Alfredo,Pierce,alfredo.pierce@example.com,1f
54-70621,Brianna,Mendoza,brianna.mendoza@example.com,1f
54-88841,Matthew,Oliver,matthew.oliver@example.com,1f
64-83508,Herman,Gordon,herman.gordon@example.com,1f
18-73140,Cameron,Hawkins,cameron.hawkins@example.com,1f
81-47111,Evan,Freeman,evan.freeman@example.com,1f
10-57624,Dean,Jones,dean.jones@example.com,1f
38-34643,Alexander,Robinson,alexander.robinson@example.com,1f
81-32400,Robin,Henry,robin.henry@example.com,1f
51-37878,Daisy,Wells,daisy.wells@example.com,1f
64-67266,Olivia,Ford,olivia.ford@example.com,1f
33-55806,Connie,Simmmons,connie.simmmons@example.com,1f
71-88705,Isaiah,Wheeler,isaiah.wheeler@example.com,1f
45-23701,Tim,Shelton,tim.shelton@example.com,1f
75-38826,Shelly,Hughes,shelly.hughes@example.com,1f
30-21608,Valerie,Burton,valerie.burton@example.com,1f
83-06865,Ida,Harper,ida.harper@example.com,1f
72-70263,Brooklyn,Burns,brooklyn.burns@example.com,1f
42-72471,Lorraine,Ortiz,lorraine.ortiz@example.com,1f
24-30875,Mason,Wade,mason.wade@example.com,1f
01-55086,Esther,Reid,esther.reid@example.com,1f
24-52810,Nina,Hamilton,nina.hamilton@example.com,1f
73-02500,Lynn,Perry,lynn.perry@example.com,1f
78-74460,Nina,Fleming,nina.fleming@example.com,1f
06-12850,Alan,Garcia,alan.garcia@example.com,1f
64-44650,Terry,Collins,terry.collins@example.com,1f
71-62145,Debbie,Reid,debbie.reid@example.com,1f
34-06810,Irma,Sanders,irma.sanders@example.com,1f
16-47140,Tracy,Morales,tracy.morales@example.com,1f
52-35828,Misty,Richards,misty.richards@example.com,1f
00-80556,Hugh,Young,hugh.young@example.com,1f
67-26084,Ross,Fowler,ross.fowler@example.com,1f
58-86411,Laurie,Welch,laurie.welch@example.com,1f
06-02752,Phyllis,Montgomery,phyllis.montgomery@example.com,1f
14-42325,Jimmie,Matthews,jimmie.matthews@example.com,1f
37-66850,Alan,Sutton,alan.sutton@example.com,1f
28-43216,Alma,Collins,alma.collins@example.com,1f
33-21842,Elizabeth,Thomas,elizabeth.thomas@example.com,1f
11-06237,Vera,Graham,vera.graham@example.com,1f
34-76855,Same,Bryant,same.bryant@example.com,1f
47-18160,Ben,Snyder,ben.snyder@example.com,1f
34-12704,Glenda,Marshall,glenda.marshall@example.com,1f
48-23767,Cherly,Beck,cherly.beck@example.com,1f
26-25004,Dwight,Mitchelle,dwight.mitchelle@example.com,1f
22-52332,Bobbie,Martinez,bobbie.martinez@example.com,1f
07-12833,Victoria,Perry,victoria.perry@example.com,2a
71-75666,Lillian,Payne,lillian.payne@example.com,2a
15-67166,Lucy,Hunter,lucy.hunter@example.com,2a
64-60675,Misty,Ford,misty.ford@example.com,2a
12-87477,Marie,Burns,marie.burns@example.com,2a
34-30752,Gordon,Black,gordon.black@example.com,2a
38-47048,Priscilla,Rivera,priscilla.rivera@example.com,2a
41-70432,Loretta,Newman,loretta.newman@example.com,2a
66-64561,Thomas,Fernandez,thomas.fernandez@example.com,2a
53-35108,Addison,Alvarez,addison.alvarez@example.com,2a
44-75680,Irene,Campbell,irene.campbell@example.com,2a
04-15564,April,Lowe,april.lowe@example.com,2a
55-15147,Fernando,Curtis,fernando.curtis@example.com,2a
05-37886,Brent,Bishop,brent.bishop@example.com,2a
65-85133,Lucy,Gardner,lucy.gardner@example.com,2a
05-44806,Mario,Morrison,mario.morrison@example.com,2a
03-73864,Daisy,Phillips,daisy.phillips@example.com,2a
46-78268,Seth,Brown,seth.brown@example.com,2a
27-23431,Charlie,May,charlie.may@example.com,2a
40-14300,Terri,James,terri.james@example.com,2a
84-82700,Darrell,Terry,darrell.terry@example.com,2a
02-65488,Jerry,Elliott,jerry.elliott@example.com,2a
04-51604,Derrick,Stanley,derrick.stanley@example.com,2a
17-82015,Melanie,Oliver,melanie.oliver@example.com,2a
57-38832,Holly,Chapman,holly.chapman@example.com,2a
64-20883,Ruby,Carroll,ruby.carroll@example.com,2a
26-67033,Dean,Holland,dean.holland@example.com,2a
55-12273,Bertha,Caldwell,bertha.caldwell@example.com,2a
34-06323,Debbie,Ruiz,debbie.ruiz@example.com,2a
78-57811,Hilda,Hayes,hilda.hayes@example.com,2a
46-17260,Eileen,Fleming,eileen.fleming@example.com,2a
77-26821,Julie,Fowler,julie.fowler@example.com,2a
42-62230,Rita,Fleming,rita.fleming@example.com,2a
54-76780,Leslie,Gregory,leslie.gregory@example.com,2a
20-52446,Mia,Owens,mia.owens@example.com,2a
85-18642,Marcia,Stanley,marcia.stanley@example.com,2a
47-82314,Rafael,Rose,rafael.rose@example.com,2a
17-12846,Hunter,Craig,hunter.craig@example.com,2a
84-73040,George,Ramirez,george.ramirez@example.com,2a
73-55524,Noelle,Alexander,noelle.alexander@example.com,2a
35-07717,Calvin,Carpenter,calvin.carpenter@example.com,2a
81-26547,Louise,Frazier,louise.frazier@example.com,2a
84-00380,Elaine,Hughes,elaine.hughes@example.com,2a
70-78852,Sophia,Meyer,sophia.meyer@example.com,2a
33-47652,Owen,Barnett,owen.barnett@example.com,2a
01-21472,Alex,Bates,alex.bates@example.com,2a
83-27036,Bruce,Larson,bruce.larson@example.com,2a
61-45237,Adam,Morrison,adam.morrison@example.com,2a
43-10207,Michelle,Peterson,michelle.peterson@example.com,2a
48-32347,Constance,Webb,constance.webb@example.com,2a
75-60070,Isobel,Ford,isobel.ford@example.com,2b
17-38215,Eli,Porter,eli.porter@example.com,2b
82-74271,Tammy,Richardson,tammy.richardson@example.com,2b
47-02481,Carolyn,Hill,carolyn.hill@example.com,2b
58-23424,Harry,Adams,harry.adams@example.com,2b
01-42552,Theresa,Wilson,theresa.wilson@example.com,2b
51-17456,Derek,Rivera,derek.rivera@example.com,2b
13-05823,Kenzi,Curtis,kenzi.curtis@example.com,2b
67-78171,Alberto,Holland,alberto.holland@example.com,2b
67-35043,Norman,Mitchell,norman.mitchell@example.com,2b
84-14024,Alicia,Pearson,alicia.pearson@example.com,2b
45-82338,Constance,Gilbert,constance.gilbert@example.com,2b
72-01066,Nellie,Jennings,nellie.jennings@example.com,2b
74-63651,Mathew,Howell,mathew.howell@example.com,2b
07-35638,Gerald,Knight,gerald.knight@example.com,2b
24-10122,Cherly,Foster,cherly.foster@example.com,2b
11-48648,Danny,Riley,danny.riley@example.com,2b
13-05228,Emily,Thomas,emily.thomas@example.com,2b
34-81766,Alvin,Hernandez,alvin.hernandez@example.com,2b
11-76768,Jose,Arnold,jose.arnold@example.com,2b
27-55731,Wanda,Taylor,wanda.taylor@example.com,2b
11-56602,Andre,Payne,andre.payne@example.com,2b
74-33442,Rodney,Ellis,rodney.ellis@example.com,2b
38-53382,Ritthy,Moore,ritthy.moore@example.com,2b
34-02457,Nevaeh,Dean,nevaeh.dean@example.com,2b
52-35228,Yvonne,Lowe,yvonne.lowe@example.com,2b
13-05103,Herbert,Gibson,herbert.gibson@example.com,2b
67-83424,Stephanie,Matthews,stephanie.matthews@example.com,2b
20-38113,Doris,Martin,doris.martin@example.com,2b
83-26610,Steven,Phillips,steven.phillips@example.com,2b
64-34023,Juanita,Andrews,juanita.andrews@example.com,2b
01-84114,Lois,Garcia,lois.garcia@example.com,2b
85-46463,Joel,Burke,joel.burke@example.com,2b
53-67080,Jeanette,Jensen,jeanette.jensen@example.com,2b
84-78812,Amanda,Reynolds,amanda.reynolds@example.com,2b
61-70784,George,Campbell,george.campbell@example.com,2b
38-68534,Harper,Ward,harper.ward@example.com,2b
46-78537,Alexis,Davidson,alexis.davidson@example.com,2b
05-28115,Sergio,Olson,sergio.olson@example.com,2b
45-83603,Donald,Newman,donald.newman@example.com,2b
53-77376,Jane,Mitchell,jane.mitchell@example.com,2b
85-84701,Jesse,West,jesse.west@example.com,2b
66-17888,Mario,Snyder,mario.snyder@example.com,2b
68-67042,Bernard,Cox,bernard.cox@example.com,2b
00-28286,Manuel,Craig,manuel.craig@example.com,2b
82-28264,Anne,Coleman,anne.coleman@example.com,2b
61-50786,Jimmie,Washington,jimmie.washington@example.com,2b
77-30046,Daryl,Jordan,daryl.jordan@example.com,2b
52-86025,Wyatt,Anderson,wyatt.anderson@example.com,2b
06-55342,Sarah,Medina,sarah.medina@example.com,2b
20-67115,Christy,Nichols,christy.nichols@example.com,2c
31-13708,Mason,Banks,mason.banks@example.com,2c
46-56841,Rick,Weaver,rick.weaver@example.com,2c
54-63260,Dora,Bennett,dora.bennett@example.com,2c
38-41218,Lena,Gregory,lena.gregory@example.com,2c
52-24232,Florence,Simmons,florence.simmons@example.com,2c
33-56442,Esther,Hayes,esther.hayes@example.com,2c
06-32756,Martha,Gordon,martha.gordon@example.com,2c
35-40510,Todd,Gilbert,todd.gilbert@example.com,2c
72-44746,Hector,Watkins,hector.watkins@example.com,2c
65-41636,Louella,Herrera,louella.herrera@example.com,2c
21-87081,Lori,Gilbert,lori.gilbert@example.com,2c
61-07662,Sheila,Richardson,sheila.richardson@example.com,2c
30-68457,Amber,Carr,amber.carr@example.com,2c
20-05836,Nicholas,Hansen,nicholas.hansen@example.com,2c
68-66186,Melinda,Frazier,melinda.frazier@example.com,2c
54-73368,Landon,Byrd,landon.byrd@example.com,2c
21-64232,Seth,Armstrong,seth.armstrong@example.com,2c
34-51408,Allan,Stewart,allan.stewart@example.com,2c
82-58727,John,Carr,john.carr@example.com,2c
86-57167,Nelson,Bryant,nelson.bryant@example.com,2c
77-04364,Diane,Hayes,diane.hayes@example.com,2c
74-86642,Constance,Black,constance.black@example.com,2c
02-88710,Claude,Hart,claude.hart@example.com,2c
78-84402,Peyton,Peters,peyton.peters@example.com,2c
28-57280,Janet,Wheeler,janet.wheeler@example.com,2c
88-16523,Ritthy,Williams,ritthy.williams@example.com,2c
18-26651,Scott,Ramirez,scott.ramirez@example.com,2c
52-26518,Terrence,Hart,terrence.hart@example.com,2c
62-71848,Bradley,Green,bradley.green@example.com,2c
04-52021,Marc,Jordan,marc.jordan@example.com,2c
04-10340,Danielle,Rodriquez,danielle.rodriquez@example.com,2c
54-78278,Juanita,Foster,juanita.foster@example.com,2c
72-41453,Megan,Carroll,megan.carroll@example.com,2c
68-04448,Marion,Harvey,marion.harvey@example.com,2c
02-03245,Everett,Shelton,everett.shelton@example.com,2c
24-20114,Zachary,Wade,zachary.wade@example.com,2c
20-70467,Kathryn,Meyer,kathryn.meyer@example.com,2c
28-20750,Seth,Barnett,seth.barnett@example.com,2c
55-10081,Jane,Sutton,jane.sutton@example.com,2c
13-80483,Luke,Davis,luke.davis@example.com,2c
85-36205,Erik,Lee,erik.lee@example.com,2c
78-34127,Rhonda,Gonzales,rhonda.gonzales@example.com,2c
38-33843,Kathy,Perkins,kathy.perkins@example.com,2c
06-07005,Letitia,Clark,letitia.clark@example.com,2c
83-32831,Ellen,Morales,ellen.morales@example.com,2c
03-12223,Penny,Jennings,penny.jennings@example.com,2c
42-28421,Andrea,Butler,andrea.butler@example.com,2c
82-12181,Florence,Kuhn,florence.kuhn@example.com,2c
10-64574,Leo,Jennings,leo.jennings@example.com,2c
04-76316,Loretta,Howell,loretta.howell@example.com,2d
73-53503,Patsy,Richardson,patsy.richardson@example.com,2d
80-61774,Sandra,Edwards,sandra.edwards@example.com,2d
60-40233,Janet,Adams,janet.adams@example.com,2d
03-40646,Melissa,Torres,melissa.torres@example.com,2d
06-53121,Raymond,Morgan,raymond.morgan@example.com,2d
65-83363,Cindy,Sullivan,cindy.sullivan@example.com,2d
84-81336,Leona,Torres,leona.torres@example.com,2d
23-11408,Jimmie,Craig,jimmie.craig@example.com,2d
76-21813,Brandon,Day,brandon.day@example.com,2d
11-45681,Bradley,Stanley,bradley.stanley@example.com,2d
50-12015,Ernest,Nguyen,ernest.nguyen@example.com,2d
68-37841,Sonia,Nelson,sonia.nelson@example.com,2d
82-11233,Hailey,Ryan,hailey.ryan@example.com,2d
70-17502,Bob,Butler,bob.butler@example.com,2d
31-48617,Celina,Holmes,celina.holmes@example.com,2d
64-68332,Cassandra,Gonzalez,cassandra.gonzalez@example.com,2d
20-86308,Leo,Lawrence,leo.lawrence@example.com,2d
33-38350,Yolanda,Richards,yolanda.richards@example.com,2d
11-85375,Richard,Coleman,richard.coleman@example.com,2d
58-45616,Abigail,Bennett,abigail.bennett@example.com,2d
74-77518,Eugene,Silva,eugene.silva@example.com,2d
05-77408,Allan,Barnes,allan.barnes@example.com,2d
50-17640,Dora,Hunter,dora.hunter@example.com,2d
68-58802,Michelle,Rhodes,michelle.rhodes@example.com,2d
14-45217,Liam,Gardner,liam.gardner@example.com,2d
25-67067,Joshua,Payne,joshua.payne@example.com,2d
12-58162,Priscilla,Kim,priscilla.kim@example.com,2d
27-50565,Maureen,Williamson,maureen.williamson@example.com,2d
41-42617,Lisa,Adams,lisa.adams@example.com,2d
34-52106,Julia,Mendoza,julia.mendoza@example.com,2d
67-15106,Norma,Kuhn,norma.kuhn@example.com,2d
75-48740,Seth,Beck,seth.beck@example.com,2d
03-87057,Leta,Ford,leta.ford@example.com,2d
67-65148,Ross,Lawrence,ross.lawrence@example.com,2d
31-67643,Harry,Kim,harry.kim@example.com,2d
77-31875,Elmer,Gilbert,elmer.gilbert@example.com,2d
70-13807,Zachary,James,zachary.james@example.com,2d
81-11037,Norma,Rose,norma.rose@example.com,2d
38-15665,Alvin,Wheeler,alvin.wheeler@example.com,2d
46-67624,Stacy,Wright,stacy.wright@example.com,2d
16-13572,Jason,West,jason.west@example.com,2d
56-23738,Andy,Black,andy.black@example.com,2d
17-45613,Michael,Curtis,michael.curtis@example.com,2d
01-55434,Derek,Washington,derek.washington@example.com,2d
38-25778,Joel,Gibson,joel.gibson@example.com,2d
67-11360,Jayden,Ferguson,jayden.ferguson@example.com,2d
31-06376,Robert,Hall,robert.hall@example.com,2d
52-47378,Terrance,Ramirez,terrance.ramirez@example.com,2d
88-64476,Frederick,Rogers,frederick.rogers@example.com,2d
00-51670,Joy,Simpson,joy.simpson@example.com,2e
17-23764,Fernando,Gordon,fernando.gordon@example.com,2e
78-35143,Ashley,Mccoy,ashley.mccoy@example.com,2e
65-81362,Clifton,Pierce,clifton.pierce@example.com,2e
58-70500,Margie,Watkins,margie.watkins@example.com,2e
85-42264,Bella,Porter,bella.porter@example.com,2e
03-81624,Byron,Boyd,byron.boyd@example.com,2e
33-33078,Francis,Lynch,francis.lynch@example.com,2e
63-68618,Andrea,Montgomery,andrea.montgomery@example.com,2e
58-36065,Jeff,Carter,jeff.carter@example.com,2e
38-48453,Rick,Miller,rick.miller@example.com,2e
25-44164,Connor,Mendoza,connor.mendoza@example.com,2e
78-48767,Nina,Steward,nina.steward@example.com,2e
27-05056,Ethan,Kuhn,ethan.kuhn@example.com,2e
75-06371,Jennie,Long,jennie.long@example.com,2e
22-31428,Ian,Russell,ian.russell@example.com,2e
04-82155,Tina,Hill,tina.hill@example.com,2e
88-03558,Renee,Gray,renee.gray@example.com,2e
46-81244,Hunter,Day,hunter.day@example.com,2e
17-54546,Stacy,Steeves ,stacy.steeves@example.com,2e
51-33470,Jessie,Mitchell,jessie.mitchell@example.com,2e
83-71222,Robert,Foster,robert.foster@example.com,2e
58-21322,Virgil,Wood,virgil.wood@example.com,2e
04-70121,Danielle,Russell,danielle.russell@example.com,2e
48-38057,Troy,Payne,troy.payne@example.com,2e
74-66356,Byron,Washington,byron.washington@example.com,2e
61-41360,Ernest,Holmes,ernest.holmes@example.com,2e
55-62208,George,Dixon,george.dixon@example.com,2e
05-20603,Judith,Berry,judith.berry@example.com,2e
36-60265,Toni,Chambers,toni.chambers@example.com,2e
42-35362,Rodney,Peters,rodney.peters@example.com,2e
21-85853,Jorge,Castro,jorge.castro@example.com,2e
23-74557,Terrence,Perry,terrence.perry@example.com,2e
53-76217,Monica,Henry,monica.henry@example.com,2e
10-73486,Joanne,Warren,joanne.warren@example.com,2e
68-64041,Marion,Hansen,marion.hansen@example.com,2e
57-84256,Lori,Frazier,lori.frazier@example.com,2e
45-13211,Aubrey,Ray,aubrey.ray@example.com,2e
56-48317,Samuel,Moore,samuel.moore@example.com,2e
32-01743,Carmen,Holt,carmen.holt@example.com,2e
30-35634,Laurie,Carlson,laurie.carlson@example.com,2e
18-22115,Erika,Perkins,erika.perkins@example.com,2e
50-36482,Shelly,Lowe,shelly.lowe@example.com,2e
08-84414,Wayne,Nichols,wayne.nichols@example.com,2e
88-15063,Jim,Watts,jim.watts@example.com,2e
86-01771,Ronald,Pearson,ronald.pearson@example.com,2e
78-68214,Harry,Lawrence,harry.lawrence@example.com,2e
12-56142,Julia,Shaw,julia.shaw@example.com,2e
52-30766,Miriam,Henry,miriam.henry@example.com,2e
47-27507,Alma,Bishop,alma.bishop@example.com,2e
01-36477,Liam,Lopez,liam.lopez@example.com,2g
57-16805,Elsie,Fowler,elsie.fowler@example.com,2g
14-84121,Samuel,Simpson,samuel.simpson@example.com,2g
12-24580,Brad,Bryant,brad.bryant@example.com,2g
73-74132,Shannon,Moore,shannon.moore@example.com,2g
52-07587,Travis,Andrews,travis.andrews@example.com,2g
14-02564,Annette,Vasquez,annette.vasquez@example.com,2g
23-78271,Aubrey,Young,aubrey.young@example.com,2g
62-10401,Vincent,Bishop,vincent.bishop@example.com,2g
31-52383,Alexa,Sanders,alexa.sanders@example.com,2g
80-05642,Zachary,Russell,zachary.russell@example.com,2g
86-08486,Stacey,Wallace,stacey.wallace@example.com,2g
48-74008,Rick,Webb,rick.webb@example.com,2g
52-21722,Christy,Gilbert,christy.gilbert@example.com,2g
72-02502,Steve,Douglas,steve.douglas@example.com,2g
46-17452,Brandie,Silva,brandie.silva@example.com,2g
76-11712,Dave,Torres,dave.torres@example.com,2g
75-03384,Gavin,Perry,gavin.perry@example.com,2g
07-16446,Zachary,Shaw,zachary.shaw@example.com,2g
72-57711,Kenneth,Wagner,kenneth.wagner@example.com,2g
04-48844,Kylie,Duncan,kylie.duncan@example.com,2g
78-85114,Derek,Gray,derek.gray@example.com,2g
31-18102,Debbie,Morgan,debbie.morgan@example.com,2g
58-44524,Christopher,Burton,christopher.burton@example.com,2g
40-62624,Jamie,Kelly,jamie.kelly@example.com,2g
17-70668,Deann,Curtis,deann.curtis@example.com,2g
27-75144,June,Wells,june.wells@example.com,2g
04-66122,Jorge,Brewer,jorge.brewer@example.com,2g
46-47481,Lucille,Kuhn,lucille.kuhn@example.com,2g
47-24047,Juanita,Williamson,juanita.williamson@example.com,2g
84-65311,Dustin,King,dustin.king@example.com,2g
68-44063,Alma,Hunter,alma.hunter@example.com,2g
31-38457,Brett,Spencer,brett.spencer@example.com,2g
38-34671,Marion,Johnston,marion.johnston@example.com,2g
37-05166,Jacqueline,Crawford,jacqueline.crawford@example.com,2g
62-25432,Kristen,Jenkins,kristen.jenkins@example.com,2g
52-07526,Jane,Mccoy,jane.mccoy@example.com,2g
21-03680,Dave,Porter,dave.porter@example.com,2g
05-75617,Ellen,Wood,ellen.wood@example.com,2g
65-88073,Stephen,Bryant,stephen.bryant@example.com,2g
02-23038,Felecia,Gardner,felecia.gardner@example.com,2g
84-55006,Charlene,Thompson,charlene.thompson@example.com,2g
06-72614,George,Lane,george.lane@example.com,2g
40-80154,Anne,Curtis,anne.curtis@example.com,2g
72-38718,Roberta,Pearson,roberta.pearson@example.com,2g
38-46723,Jennie,Chapman,jennie.chapman@example.com,2g
31-43627,Gladys,Pearson,gladys.pearson@example.com,2g
36-65635,Melvin,Lowe,melvin.lowe@example.com,2g
86-06477,Felecia,Herrera,felecia.herrera@example.com,2g
83-76887,Sue,Dunn,sue.dunn@example.com,2g
22-54380,Suzanne,Lynch,suzanne.lynch@example.com,2h
42-14067,Jenny,Wade,jenny.wade@example.com,2h
76-87010,Jordan,Parker,jordan.parker@example.com,2h
04-86463,Lydia,Pierce,lydia.pierce@example.com,2h
07-87840,Frank,Ramos,frank.ramos@example.com,2h
34-63224,Denise,Barnes,denise.barnes@example.com,2h
62-78606,Brad,Lynch,brad.lynch@example.com,2h
77-85478,Harold,Fox,harold.fox@example.com,2h
61-85721,Taylor,Kuhn,taylor.kuhn@example.com,2h
75-20523,Clinton,Ramirez,clinton.ramirez@example.com,2h
23-88614,Marion,Kelley,marion.kelley@example.com,2h
25-58370,Brayden,Morrison,brayden.morrison@example.com,2h
71-06884,Tiffany,Green,tiffany.green@example.com,2h
30-32652,Leo,Powell,leo.powell@example.com,2h
04-27205,Valerie,Arnold,valerie.arnold@example.com,2h
60-05225,Sandra,Spencer,sandra.spencer@example.com,2h
85-80581,Deanna,Morgan,deanna.morgan@example.com,2h
47-71037,Duane,Washington,duane.washington@example.com,2h
64-85027,Crystal,Evans,crystal.evans@example.com,2h
37-58705,Gordon,Rodriquez,gordon.rodriquez@example.com,2h
28-38022,Vernon,Wright,vernon.wright@example.com,2h
74-38558,Lee,Gonzales,lee.gonzales@example.com,2h
51-36382,Colleen,Martin,colleen.martin@example.com,2h
55-21387,Pearl,Martin,pearl.martin@example.com,2h
15-52628,Wanda,Gray,wanda.gray@example.com,2h
40-55587,Vivan,Perez,vivan.perez@example.com,2h
00-20530,Joyce,Crawford,joyce.crawford@example.com,2h
88-07134,Oscar,Henderson,oscar.henderson@example.com,2h
17-64200,Gregory,Sims,gregory.sims@example.com,2h
21-32048,Deann,Diaz,deann.diaz@example.com,2h
62-86018,Philip,Brooks,philip.brooks@example.com,2h
41-70474,Samantha,Ramos,samantha.ramos@example.com,2h
63-12455,Anna,Snyder,anna.snyder@example.com,2h
66-53752,Layla,Long,layla.long@example.com,2h
41-14543,Sebastian,Woods,sebastian.woods@example.com,2h
15-28470,Kylie,Green,kylie.green@example.com,2h
20-83740,Jessie,Hall,jessie.hall@example.com,2h
63-47072,Allen,James,allen.james@example.com,2h
06-66420,Brianna,Bailey,brianna.bailey@example.com,2h
88-63446,Johnni,Cook,johnni.cook@example.com,2h
02-37065,Jackson,Roberts,jackson.roberts@example.com,2h
46-37367,Javier,Kuhn,javier.kuhn@example.com,2h
34-50457,Dana,Mills,dana.mills@example.com,2h
10-07412,Kristina,Barnes,kristina.barnes@example.com,2h
15-76820,Rose,Montgomery,rose.montgomery@example.com,2h
03-56337,Felicia,Ward,felicia.ward@example.com,2h
42-58245,Charles,Carr,charles.carr@example.com,2h
22-24383,Doris,Oliver,doris.oliver@example.com,2h
57-25430,Victoria,Perez,victoria.perez@example.com,2h
26-53573,Dwayne,Jones,dwayne.jones@example.com,2h
72-08551,Joanne,Alvarez,joanne.alvarez@example.com,3a
27-71516,Shelly,Franklin,shelly.franklin@example.com,3a
06-00347,Sofia,Barrett,sofia.barrett@example.com,3a
63-22322,Levi,Campbell,levi.campbell@example.com,3a
73-24156,Jeanne,Schmidt,jeanne.schmidt@example.com,3a
37-58585,Denise,Davis,denise.davis@example.com,3a
41-88831,Stella,Fletcher,stella.fletcher@example.com,3a
10-40031,Kristina,Brewer,kristina.brewer@example.com,3a
56-13383,Evelyn,Byrd,evelyn.byrd@example.com,3a
64-66526,Richard,Fisher,richard.fisher@example.com,3a
53-30036,Bessie,Soto,bessie.soto@example.com,3a
17-64204,Amber,Nguyen,amber.nguyen@example.com,3a
38-42667,Alma,Armstrong,alma.armstrong@example.com,3a
58-05576,Jean,Steward,jean.steward@example.com,3a
50-26533,Stacey,Bradley,stacey.bradley@example.com,3a
70-07051,Suzanne,Henry,suzanne.henry@example.com,3a
82-35422,Roland,Simpson,roland.simpson@example.com,3a
20-34006,Francis,Martinez,francis.martinez@example.com,3a
22-03448,Leslie,Butler,leslie.butler@example.com,3a
44-45572,Maureen,Holt,maureen.holt@example.com,3a
11-85154,Dawn,Knight,dawn.knight@example.com,3a
32-60010,Terry,Reed,terry.reed@example.com,3a
81-30507,Alma,Smith,alma.smith@example.com,3a
83-01234,Philip,Bailey,philip.bailey@example.com,3a
00-74442,Beth,Sims,beth.sims@example.com,3a
82-78482,Dennis,Hunter,dennis.hunter@example.com,3a
68-66556,Jennifer,Arnold,jennifer.arnold@example.com,3a
51-22587,Marc,Palmer,marc.palmer@example.com,3a
21-61860,Brett,Fernandez,brett.fernandez@example.com,3a
70-47683,Edgar,Chapman,edgar.chapman@example.com,3a
43-28154,Sergio,Carlson,sergio.carlson@example.com,3a
86-11275,Anna,Watts,anna.watts@example.com,3a
06-23805,Ruben,Howard,ruben.howard@example.com,3a
36-56641,Melanie,Green,melanie.green@example.com,3a
74-84787,Marjorie,Andrews,marjorie.andrews@example.com,3a
05-27524,June,Walker,june.walker@example.com,3a
35-83220,Craig,Stone,craig.stone@example.com,3a
52-68037,Clarence,Neal,clarence.neal@example.com,3a
26-10057,Leon,Perkins,leon.perkins@example.com,3a
25-70775,Tristan,Hoffman,tristan.hoffman@example.com,3a
20-86844,Teresa,Lucas,teresa.lucas@example.com,3a
00-58453,Douglas,Parker,douglas.parker@example.com,3a
58-32467,Lance,Sutton,lance.sutton@example.com,3a
68-68445,Terrance,Chavez,terrance.chavez@example.com,3a
65-77118,Danielle,Castro,danielle.castro@example.com,3a
00-83268,Frederick,Gutierrez,frederick.gutierrez@example.com,3a
54-67602,Craig,Harvey,craig.harvey@example.com,3a
76-18768,Mildred,Fowler,mildred.fowler@example.com,3a
81-71852,Sara,Owens,sara.owens@example.com,3a
44-50865,Mario,Peters,mario.peters@example.com,3a
30-12684,Seth,Allen,seth.allen@example.com,3b
15-56617,Harper,Pena,harper.pena@example.com,3b
52-15366,Jeremy,Hill,jeremy.hill@example.com,3b
11-71738,Ron,Hudson,ron.hudson@example.com,3b
55-65202,Leona,Beck,leona.beck@example.com,3b
83-43504,Lena,Owens,lena.owens@example.com,3b
37-53668,Bradley,White,bradley.white@example.com,3b
25-84677,Kevin,Franklin,kevin.franklin@example.com,3b
81-06555,Jonathan,Gibson,jonathan.gibson@example.com,3b
66-82557,Brandy,Vasquez,brandy.vasquez@example.com,3b
13-00838,Jose,Romero,jose.romero@example.com,3b
33-10160,Diana,Garcia,diana.garcia@example.com,3b
17-18705,Julio,Hale,julio.hale@example.com,3b
31-41546,Connor,Ryan,connor.ryan@example.com,3b
30-00407,Nicole,Dixon,nicole.dixon@example.com,3b
87-21434,Aubree,Stone,aubree.stone@example.com,3b
58-40168,Bessie,Bryant,bessie.bryant@example.com,3b
37-81675,Danny,Obrien,danny.obrien@example.com,3b
02-30551,Irma,Davidson,irma.davidson@example.com,3b
30-37188,Mattie,Snyder,mattie.snyder@example.com,3b
25-77136,Gladys,Medina,gladys.medina@example.com,3b
74-38256,Kent,Gordon,kent.gordon@example.com,3b
58-00832,Eric,Mitchell,eric.mitchell@example.com,3b
52-20716,Bradley,Oliver,bradley.oliver@example.com,3b
86-27262,Nicholas,Watts,nicholas.watts@example.com,3b
28-20478,Jill,Gray,jill.gray@example.com,3b
53-67837,Herman,Garza,herman.garza@example.com,3b
40-57166,Dawn,Medina,dawn.medina@example.com,3b
40-60171,Bella,Welch,bella.welch@example.com,3b
82-37842,Carolyn,Hawkins,carolyn.hawkins@example.com,3b
63-62360,Philip,Miles,philip.miles@example.com,3b
06-43435,Levi,Collins,levi.collins@example.com,3b
27-37834,Janet,Byrd,janet.byrd@example.com,3b
73-47784,Leo,Porter,leo.porter@example.com,3b
80-11880,Erika,Barnett,erika.barnett@example.com,3b
45-38072,Grace,Morris,grace.morris@example.com,3b
40-61418,Julia,Ward,julia.ward@example.com,3b
86-26462,Doris,Newman,doris.newman@example.com,3b
10-63627,Albert,Caldwell,albert.caldwell@example.com,3b
67-53400,Anita,Nichols,anita.nichols@example.com,3b
20-51536,Jacob,Murray,jacob.murray@example.com,3b
08-78162,Liam,Garrett,liam.garrett@example.com,3b
85-66736,Dawn,Arnold,dawn.arnold@example.com,3b
36-42781,Evan,Burton,evan.burton@example.com,3b
40-36821,Vicki,Carlson,vicki.carlson@example.com,3b
30-53511,Benjamin,Perez,benjamin.perez@example.com,3b
04-63471,Gregory,Clark,gregory.clark@example.com,3b
83-03876,Herbert,Kelly,herbert.kelly@example.com,3b
65-83428,Minnie,Torres,minnie.torres@example.com,3b
60-88672,Mark,Evans,mark.evans@example.com,3b
74-45523,Luis,Nguyen,luis.nguyen@example.com,3c
18-80276,Toni,Patterson,toni.patterson@example.com,3c
23-68305,Joseph,Berry,joseph.berry@example.com,3c
87-82083,Eugene,Morales,eugene.morales@example.com,3c
08-60825,Douglas,Wilson,douglas.wilson@example.com,3c
15-77256,Gary,Montgomery,gary.montgomery@example.com,3c
60-11715,Gene,Silva,gene.silva@example.com,3c
72-40287,Norma,Crawford,norma.crawford@example.com,3c
48-15130,Margie,Pearson,margie.pearson@example.com,3c
74-77337,Jill,Hudson,jill.hudson@example.com,3c
64-71421,Jennifer,Shaw,jennifer.shaw@example.com,3c
16-74675,Eleanor,Hudson,eleanor.hudson@example.com,3c
45-56011,Riley,Kelley,riley.kelley@example.com,3c
26-84144,Sharlene,Berry,sharlene.berry@example.com,3c
26-30364,Bob,Castro,bob.castro@example.com,3c
67-40060,Louise,Rhodes,louise.rhodes@example.com,3c
25-58838,Donald,Willis,donald.willis@example.com,3c
82-56277,Katrina,Long,katrina.long@example.com,3c
38-21806,Debra,Neal,debra.neal@example.com,3c
35-41526,Terry,Shelton,terry.shelton@example.com,3c
03-27516,Ronald,Owens,ronald.owens@example.com,3c
42-12185,Ryan,Lewis,ryan.lewis@example.com,3c
63-82120,Jason,Murphy,jason.murphy@example.com,3c
20-54768,Larry,Sims,larry.sims@example.com,3c
56-42206,Darryl,Wood,darryl.wood@example.com,3c
11-55686,Victoria,Cunningham,victoria.cunningham@example.com,3c
76-28284,Ella,Phillips,ella.phillips@example.com,3c
17-47034,Wilma,Ruiz,wilma.ruiz@example.com,3c
07-85822,Martha,Banks,martha.banks@example.com,3c
46-15841,Isobel,Russell,isobel.russell@example.com,3c
22-33565,Brandon,Griffin,brandon.griffin@example.com,3c
14-70214,Ronnie,Burton,ronnie.burton@example.com,3c
56-27471,Carolyn,Taylor,carolyn.taylor@example.com,3c
45-15537,Deanna,Matthews,deanna.matthews@example.com,3c
07-21516,Daisy,Cruz,daisy.cruz@example.com,3c
28-51606,Valerie,Ortiz,valerie.ortiz@example.com,3c
40-67034,Zack,Mills,zack.mills@example.com,3c
83-26064,Micheal,Welch,micheal.welch@example.com,3c
43-53470,Priscilla,Wade,priscilla.wade@example.com,3c
12-43486,Jesse,Ruiz,jesse.ruiz@example.com,3c
86-23257,Courtney,Flores,courtney.flores@example.com,3c
61-13243,Dwayne,Rogers,dwayne.rogers@example.com,3c
61-10108,Beverley,Bates,beverley.bates@example.com,3c
64-04810,Jeanette,Holt,jeanette.holt@example.com,3c
61-87073,Brianna,Perez,brianna.perez@example.com,3c
73-82236,Daniel,Cook,daniel.cook@example.com,3c
38-51157,Kylie,Davidson,kylie.davidson@example.com,3c
04-37778,Stella,Freeman,stella.freeman@example.com,3c
31-00085,Erin,Crawford,erin.crawford@example.com,3c
78-57645,Ronnie,Hudson,ronnie.hudson@example.com,3c
47-63087,Frederick,Carroll,frederick.carroll@example.com,3d
35-28338,Lloyd,Alexander,lloyd.alexander@example.com,3d
23-26516,Sonia,Fleming,sonia.fleming@example.com,3d
41-32226,Jesse,Sims,jesse.sims@example.com,3d
77-32877,Pedro,Lawson,pedro.lawson@example.com,3d
72-35740,Theresa,Jacobs,theresa.jacobs@example.com,3d
40-81118,Sara,White,sara.white@example.com,3d
80-14604,Addison,Hoffman,addison.hoffman@example.com,3d
03-15742,Anthony,Pearson,anthony.pearson@example.com,3d
52-30706,Elaine,Hernandez,elaine.hernandez@example.com,3d
08-05031,Lisa,Curtis,lisa.curtis@example.com,3d
32-66872,Sharlene,Soto,sharlene.soto@example.com,3d
48-30241,Clifton,James,clifton.james@example.com,3d
12-23258,Tommy,Gardner,tommy.gardner@example.com,3d
37-84731,Myrtle,Crawford,myrtle.crawford@example.com,3d
87-64775,Ashley,Alexander,ashley.alexander@example.com,3d
33-47658,Harvey,Sims,harvey.sims@example.com,3d
87-11782,Eric,Neal,eric.neal@example.com,3d
74-72472,Laurie,Newman,laurie.newman@example.com,3d
15-02302,Warren,Pierce,warren.pierce@example.com,3d
14-21656,Adam,West,adam.west@example.com,3d
17-08574,Julie,Harper,julie.harper@example.com,3d
81-42001,Diana,Ford,diana.ford@example.com,3d
48-62577,Carrie,Herrera,carrie.herrera@example.com,3d
85-13683,Lena,Pearson,lena.pearson@example.com,3d
08-05540,Sandra,Crawford,sandra.crawford@example.com,3d
25-50563,Sharlene,Murray,sharlene.murray@example.com,3d
17-80522,Erica,Bowman,erica.bowman@example.com,3d
45-28332,Gene,Butler,gene.butler@example.com,3d
42-08565,Nathaniel,Carroll,nathaniel.carroll@example.com,3d
38-26436,Howard,Ward,howard.ward@example.com,3d
08-02878,Stephen,Wallace,stephen.wallace@example.com,3d
50-64272,Andrea,Berry,andrea.berry@example.com,3d
01-40081,Ana,Nichols,ana.nichols@example.com,3d
32-00118,Heidi,Rice,heidi.rice@example.com,3d
01-14472,Jar,Beck,jar.beck@example.com,3d
16-27622,Vera,Castillo,vera.castillo@example.com,3d
05-75136,Kirk,Harvey,kirk.harvey@example.com,3d
07-00176,Frederick,Phillips,frederick.phillips@example.com,3d
85-75125,Derrick,Miller,derrick.miller@example.com,3d
26-76448,Sue,Anderson,sue.anderson@example.com,3d
17-21234,Julian,Reyes,julian.reyes@example.com,3d
21-42150,Brent,Herrera,brent.herrera@example.com,3d
63-55310,Andy,Lowe,andy.lowe@example.com,3d
46-70846,Kristen,Terry,kristen.terry@example.com,3d
63-36560,Travis,Ford,travis.ford@example.com,3d
28-48117,Lisa,Lawson,lisa.lawson@example.com,3d
67-72178,Sharlene,Jenkins,sharlene.jenkins@example.com,3d
27-13077,Bernice,Daniels,bernice.daniels@example.com,3d
50-16187,Jared,Reyes,jared.reyes@example.com,3d
36-38221,Stacy,Rose,stacy.rose@example.com,3e
21-34867,Aubree,Castro,aubree.castro@example.com,3e
82-07657,Alvin,Allen,alvin.allen@example.com,3e
45-07678,Charlie,Lewis,charlie.lewis@example.com,3e
83-43815,Nellie,Carr,nellie.carr@example.com,3e
85-42155,Willard,Silva,willard.silva@example.com,3e
44-47125,Franklin,Curtis,franklin.curtis@example.com,3e
54-53120,Arthur,Arnold,arthur.arnold@example.com,3e
82-18628,Valerie,Morrison,valerie.morrison@example.com,3e
73-58687,Richard,Rose,richard.rose@example.com,3e
02-21607,Naomi,Palmer,naomi.palmer@example.com,3e
04-88557,Dustin,Douglas,dustin.douglas@example.com,3e
17-25136,Valerie,Hopkins,valerie.hopkins@example.com,3e
87-52066,Clara,Murphy,clara.murphy@example.com,3e
67-18037,Bessie,Robinson,bessie.robinson@example.com,3e
85-40668,Kirk,Ferguson,kirk.ferguson@example.com,3e
50-55420,Glenda,Lambert,glenda.lambert@example.com,3e
40-88161,Peter,Coleman,peter.coleman@example.com,3e
11-03264,Amber,Berry,amber.berry@example.com,3e
68-75606,Nina,Brown,nina.brown@example.com,3e
65-58053,Bessie,Owens,bessie.owens@example.com,3e
24-51416,Ryan,Lynch,ryan.lynch@example.com,3e
07-30638,Lee,Rodriquez,lee.rodriquez@example.com,3e
40-05513,Suzanne,Carroll,suzanne.carroll@example.com,3e
60-54730,Gerald,Morris,gerald.morris@example.com,3e
03-50637,Lance,Fletcher,lance.fletcher@example.com,3e
08-20156,Lillian,Montgomery,lillian.montgomery@example.com,3e
25-43558,Clayton,Perez,clayton.perez@example.com,3e
80-68774,Craig,Perry,craig.perry@example.com,3e
35-15366,Eduardo,Holmes,eduardo.holmes@example.com,3e
54-15247,Bob,Bowman,bob.bowman@example.com,3e
44-05546,Vivan,Gonzalez,vivan.gonzalez@example.com,3e
64-66516,Beverley,Knight,beverley.knight@example.com,3e
76-18453,Genesis,Hunt,genesis.hunt@example.com,3e
38-52066,Genesis,Matthews,genesis.matthews@example.com,3e
54-34245,Louella,Riley,louella.riley@example.com,3e
20-54802,Glen,Day,glen.day@example.com,3e
52-16060,Lillian,Hamilton,lillian.hamilton@example.com,3e
37-15188,Manuel,Pearson,manuel.pearson@example.com,3e
05-68603,Holly,Kim,holly.kim@example.com,3e
41-21084,Alberto,Jensen,alberto.jensen@example.com,3e
41-58001,Sara,Hart,sara.hart@example.com,3e
16-80782,Irene,Nichols,irene.nichols@example.com,3e
28-67606,Kenzi,Ray,kenzi.ray@example.com,3e
03-83334,Terry,Daniels,terry.daniels@example.com,3e
45-18000,Suzanne,Lucas,suzanne.lucas@example.com,3e
63-35365,Marc,Curtis,marc.curtis@example.com,3e
33-84676,Katrina,Thompson,katrina.thompson@example.com,3e
27-56020,Byron,Little,byron.little@example.com,3e
70-07140,Nicholas,Pena,nicholas.pena@example.com,3e
32-37641,Isaac,Caldwell,isaac.caldwell@example.com,3g
64-61080,Roger,Hanson,roger.hanson@example.com,3g
54-40750,Megan,Edwards,megan.edwards@example.com,3g
63-32663,Letitia,Hill,letitia.hill@example.com,3g
11-84046,Kitty,Craig,kitty.craig@example.com,3g
68-42354,Bradley,Castro,bradley.castro@example.com,3g
50-82036,Alvin,Lowe,alvin.lowe@example.com,3g
53-76677,Melanie,Dean,melanie.dean@example.com,3g
87-36403,Bernard,Caldwell,bernard.caldwell@example.com,3g
73-31811,Ross,Butler,ross.butler@example.com,3g
40-52174,Juan,Mills,juan.mills@example.com,3g
47-07018,Nicole,Stevens,nicole.stevens@example.com,3g
12-41326,Martin,Butler,martin.butler@example.com,3g
88-35472,Cory,Garcia,cory.garcia@example.com,3g
75-40463,Louella,Obrien,louella.obrien@example.com,3g
68-02268,Bertha,Palmer,bertha.palmer@example.com,3g
15-64747,Lydia,Nelson,lydia.nelson@example.com,3g
43-40671,Stephen,James,stephen.james@example.com,3g
22-52262,Lester,Warren,lester.warren@example.com,3g
03-80845,Guy,Hernandez,guy.hernandez@example.com,3g
32-47284,Mason,Douglas,mason.douglas@example.com,3g
02-08530,Eddie,Chavez,eddie.chavez@example.com,3g
37-81743,Luis,Wagner,luis.wagner@example.com,3g
73-73421,Camila,Wagner,camila.wagner@example.com,3g
80-11213,Christine,Marshall,christine.marshall@example.com,3g
13-86882,Roger,Mason,roger.mason@example.com,3g
61-18451,Andy,Burton,andy.burton@example.com,3g
57-70352,Carmen,Graham,carmen.graham@example.com,3g
75-10774,Freddie,Ferguson,freddie.ferguson@example.com,3g
18-04813,Robin,Collins,robin.collins@example.com,3g
02-80172,Charles,Pena,charles.pena@example.com,3g
44-88743,Ava,Ford,ava.ford@example.com,3g
74-54713,Philip,Murray,philip.murray@example.com,3g
61-00332,Ellen,Ryan,ellen.ryan@example.com,3g
13-77187,Charlie,Tucker,charlie.tucker@example.com,3g
00-56578,Diana,Bell,diana.bell@example.com,3g
16-78440,Nelson,Bell,nelson.bell@example.com,3g
61-05746,Mathew,Dixon,mathew.dixon@example.com,3g
06-73617,Anthony,Crawford,anthony.crawford@example.com,3g
36-45570,Dylan,Jennings,dylan.jennings@example.com,3g
10-81105,Randall,Pierce,randall.pierce@example.com,3g
20-86630,Teresa,Hawkins,teresa.hawkins@example.com,3g
06-27311,Wendy,Harrison,wendy.harrison@example.com,3g
30-46478,George,Butler,george.butler@example.com,3g
10-26106,Bradley,Byrd,bradley.byrd@example.com,3g
65-30153,Joe,Obrien,joe.obrien@example.com,3g
43-36131,Bobbie,Douglas,bobbie.douglas@example.com,3g
03-84085,Ann,Ward,ann.ward@example.com,3g
74-30111,Amy,Sullivan,amy.sullivan@example.com,3g
24-77301,Regina,Schmidt,regina.schmidt@example.com,3g
68-75433,Debra,Weaver,debra.weaver@example.com,3h
66-00530,Darlene,Sanchez,darlene.sanchez@example.com,3h
47-37647,Beatrice,Johnson,beatrice.johnson@example.com,3h
57-22511,Arthur,Soto,arthur.soto@example.com,3h
52-50670,Allen,Jordan,allen.jordan@example.com,3h
65-24102,Jeremiah,Franklin,jeremiah.franklin@example.com,3h
37-00075,Jerome,Woods,jerome.woods@example.com,3h
43-04470,Bill,Reid,bill.reid@example.com,3h
23-15824,Calvin,Fuller,calvin.fuller@example.com,3h
00-50828,Leah,Garcia,leah.garcia@example.com,3h
61-02370,Beverly,Oliver,beverly.oliver@example.com,3h
63-77060,Irma,Morgan,irma.morgan@example.com,3h
10-73208,Christy,Long,christy.long@example.com,3h
88-87305,Riley,Collins,riley.collins@example.com,3h
78-45142,Hannah,Reed,hannah.reed@example.com,3h
78-87628,Aiden,Martinez,aiden.martinez@example.com,3h
70-32224,Cecil,Craig,cecil.craig@example.com,3h
42-80420,Austin,Jenkins,austin.jenkins@example.com,3h
32-48547,Cory,Morgan,cory.morgan@example.com,3h
57-62068,Erika,Howell,erika.howell@example.com,3h
12-86283,Claire,Murray,claire.murray@example.com,3h
35-41077,Arthur,Wheeler,arthur.wheeler@example.com,3h
03-44624,Jamie,Wells,jamie.wells@example.com,3h
40-46834,Julia,Crawford,julia.crawford@example.com,3h
88-17106,Julian,Matthews,julian.matthews@example.com,3h
26-86843,Flenn,Douglas,flenn.douglas@example.com,3h
05-35086,Thomas,Mccoy,thomas.mccoy@example.com,3h
84-40426,Guy,Lynch,guy.lynch@example.com,3h
41-45245,Gilbert,Gomez,gilbert.gomez@example.com,3h
08-42046,Aubree,Tucker,aubree.tucker@example.com,3h
60-58028,Jeffrey,Carroll,jeffrey.carroll@example.com,3h
78-63618,Lauren,Stone,lauren.stone@example.com,3h
12-86812,Ashley,Reid,ashley.reid@example.com,3h
31-57023,Marsha,Hunt,marsha.hunt@example.com,3h
03-22857,Nellie,Diaz,nellie.diaz@example.com,3h
05-40841,Audrey,Obrien,audrey.obrien@example.com,3h
64-64701,Riley,Berry,riley.berry@example.com,3h
36-53887,Cathy,Grant,cathy.grant@example.com,3h
73-53461,Debra,Peters,debra.peters@example.com,3h
65-12542,Dustin,Burke,dustin.burke@example.com,3h
03-18144,Franklin,Mitchelle,franklin.mitchelle@example.com,3h
36-18661,Tracy,Simmmons,tracy.simmmons@example.com,3h
26-14563,Roger,Fuller,roger.fuller@example.com,3h
82-36823,Susan,Harrison,susan.harrison@example.com,3h
80-36343,Billy,Holt,billy.holt@example.com,3h
04-44324,Jacob,Weaver,jacob.weaver@example.com,3h
00-21731,Ruben,Reynolds,ruben.reynolds@example.com,3h
28-78861,Charlene,Caldwell,charlene.caldwell@example.com,3h
04-81756,Clifton,Arnold,clifton.arnold@example.com,3h
01-55152,Marilyn,Miles,marilyn.miles@example.com,3h
